Chien;Canide;Toutou;Cabot;Animal;Chiwawa;Caniche;Matou;Minou;Chiot
Chat;Felin;Minou;Matou;Animal;Peluche;Tigre;Panth√®re;Lion;Fauve
Arbre;Plante;Vegetal;Bois;Foret;Tronc;Feuille;Racine;Branche;Ecorce
Voiture;Automobile;Auto;Bagnole;Transport;Roue;Moteur;Carrosserie;Pneu;Essence
Maison;Demeure;Habitation;Logis;Foyer;Appartement;Villa;Pavillon;Residence;Domicile
Livre;Lecture;Page;Ecriture;Reliure;Roman;Bibliotheque;Journal;Manuscrit;Volume
Table;Chaise;Meuble;Bureau;Repas;Plateau;Bois;Rectangulaire;Support;Plateau
Chaise;Table;Meuble;Bureau;Assise;Bois;Rectangulaire;Support;Tabouret;Siege
Pomme;Fruit;Poire;Peche;Manger;Verger;Arbre;Aliment;Jus;Cidre
Ordinateur;Ecran;Clavier;Souris;Technologie;Portable;PC;Mac;Internet;Programme
Soleil;Lune;Etoile;Planete;Briller;Chaleur;Eclat;Clarte;Jaune;Orbe
Lune;Soleil;Etoile;Planete;Lumiere;Blanche;Orbe;Clarte;Nuit;Eclat
Etoile;Soleil;Lune;Planete;Constellation;Lumiere;Briller;Nuit;Ciel;Galaxie
Avion;Aeroport;Pilote;Vol;Voyage;Aile;Cabine;Compagnie;Passager;Jumbo
Ballon;Football;Basketball;Sport;Enfant;Jouet;Gonflable;Couleur;Rond;Eclate
Crayon;Stylo;Gomme;Feutre;Papier;Dessin;Ecriture;Mine;Bois;Tracer
Telephone;Appel;Portable;Internet;Numero;Communication;Smartphone;Message;Conversation;Reseau
Television;Ecran;Programme;Chaine;Regarder;Film;Serie;Emission;Documentaire;Diffusion
Montagne;Sommet;Colline;Valley;Escalade;Paysage;Rocher;Alpinisme;Altitude;Chaine
Riviere;Flux;Courant;Source;Eau;Pont;Poisson;Berge;Canal;Bateau
Oiseau;Plume;Vol;Aile;Nid;Chant;Beak;Animaux;Perroquet;Aigle
Poisson;Aquarium;Eau;Nourriture;Mer;Mer;Peche;Bassin;Ecaille;Saumon
Fleur;Plante;Botanique;Bouquet;Parfum;Jardin;Boutonniere;Colore;Pollen;Bouton
Chemin;Route;Ruelle;Randonnee;Piste;Voyage;Passage;Direction;Boussole;Vehicule
Pont;Riviere;Route;Construction;Traverse;Flux;Architecture;Ingenieur;Conduite;Lien
Carte;Plan;Voyage;Itineraire;Geographie;Atlas;Globe;Pays;Pays;Carte
Porte;Fenetre;Entree;Serrure;Batiment;Ouverture;Bloc;Cle;Chambre;Charniere
Fenetre;Porte;Vue;Ouverture;Batiment;Verre;Cadre;Vent;Store;Bois
Sac;Sac a dos;Transport;Objet;Voyage;Sac a main;Conteneur;Rangement;Pochette;Bagage
Chaussure;Pied;Marche;Confort;Mode;Basket;Chaussure de sport;Botte;Chaussure de course;Chausson
Bateau;Mer;Voile;Navire;Voyage;Eau;Bord;Port;Croisiere;Capitaine
Gateau;Dessert;Sucre;Manger;Cuisine;Anniversaire;Biscuit;Creme;Chocolat;Tranche
Cle;Porte;Serrure;Ouverture;Code;Securite;Verrou;Cadenas;Clef;Acces
Velo;Transport;Roue;Cycle;Pedale;Velo de montagne;Velo de route;Velo de ville;Velo d'exercice;Bicyclette
Train;Gare;Voyage;Locomotive;Rail;Wagon;Voie ferree;TGV;Chemins de fer;Passager
Bus;Transport;Arret;Voyage;Passager;Itineraire;Vehicule;Transport en commun;Navette;Route
Moto;Vehicule;Moto;Motocyclette;Vitesse;Roue;Route;Casque;Conducteur;Motard
Piano;Instrument;Clavier;Musique;Ecole de musique;Accord;Notes;Classique;Concert;Compositeur
Violon;Instrument;Archet;Musique;Classique;Cordes;Orchestre;Sonate;Concerto;Joueur de violon
Guitare;Instrument;Musique;Corde;Acoustique;Electrique;Accords;Chanson;Rock;Pop
Microphone;Voix;Chant;Enregistrement;Parole;Scene;Karaoke;Artiste;Emission de radio;Studio
Appareil photo;Photographie;Image;Photographe;Zoom;Capture;Memoire;Camera;Flash;Film
Ciseaux;Couper;Papier;Outil;Artisanat;Cuisine;Tissu;Plastique;Metal;Coiffeur
Telecommande;Television;Controle;Appareil;Electrique;Canal;Commande;Technologie;Infrarouge;Pilote
Horloge;Temps;Heure;Minuterie;Analogique;Numerique;Reveil;
